Period,Amplitude
576.1666666666666,0.10532229494789574
288.0833333333333,0.15437617738059548
192.05555555555554,0.11693178125038067
144.04166666666666,0.12951450391067335
115.23333333333332,0.04572825282389441
96.02777777777777,0.12220727096353354
82.30952380952381,0.08312895953731488
72.02083333333333,0.04992691185359436
64.01851851851852,0.0783344617286086
57.61666666666666,0.036328459019614436
52.378787878787875,0.1199884638064193
48.013888888888886,0.130428936157322
44.32051282051282,0.02387239292684694
41.154761904761905,0.07485882214173553
38.41111111111111,0.056447566226681886
36.010416666666664,0.09381851021014066
33.8921568627451,0.14670129758057376
32.00925925925926,0.08371988943960007
30.32456140350877,0.01779213877109532
28.80833333333333,0.17033637614953412
27.436507936507937,0.04912016823158111
26.189393939393938,0.042288075736356796
25.050724637681157,0.16010574532529742
24.006944444444443,0.04756306564005521
23.046666666666663,0.06406735810829754
22.16025641025641,0.027394465668236223
21.339506172839506,0.09465879897757008
20.577380952380953,0.11708528616123805
19.867816091954023,0.07735577447499296
19.205555555555556,0.01739456758908391
18.586021505376344,0.04448016905017768
18.005208333333332,0.0604630538662914
17.45959595959596,0.049332655839815706
16.94607843137255,0.06787612068859362
16.461904761904762,0.0921032803518072
16.00462962962963,0.14538069339629
15.572072072072073,0.045529010549425895
15.162280701754385,0.17980041479273146
14.773504273504274,0.025866813863522478
14.404166666666665,0.1342364542020796
14.052845528455284,0.14732972807465136
13.718253968253968,0.06424781670368616
13.399224806201548,0.0324464345091145
13.094696969696969,0.053872813198216254
12.803703703703702,0.18728196931341168
12.525362318840578,0.16592513176504328
12.25886524822695,0.06754427418431365
12.003472222222221,0.06940418528634103
11.758503401360544,0.17992112209063593
11.523333333333332,0.06772001372557712
11.297385620915032,0.013525332163392535
11.080128205128204,0.07802276427873962
10.871069182389936,0.06693920858697229
10.669753086419753,0.0349788579320309
10.475757575757576,0.1348781690658244
10.288690476190476,0.10225899996957721
10.108187134502923,0.11706366929109306
9.933908045977011,0.09113422923484608
9.76553672316384,0.1218118172281117
9.602777777777778,0.05439361014553014
9.44535519125683,0.005982787128447617
9.293010752688172,0.08554360158234807
9.145502645502644,0.1526013507765744
9.002604166666666,0.12315091844278686
8.864102564102565,0.03761236247304257
8.72979797979798,0.07358320856745264
8.599502487562189,0.06466226659069724
8.473039215686274,0.038078993109564745
8.35024154589372,0.11279009430964601
8.230952380952381,0.09306723642501609
8.115023474178404,0.12115719950918084
8.002314814814815,0.02516838077784063
7.892694063926941,0.04775707762144627
7.786036036036037,0.11224403318515966
7.682222222222221,0.024203750772908175
7.581140350877193,0.10166053289402241
7.482683982683983,0.1016198802254189
7.386752136752137,0.15867181645068726
7.293248945147679,0.1280475841816066
7.2020833333333325,0.07252904985346731
7.113168724279835,0.029587786959753483
7.026422764227642,0.13675644760827896
6.9417670682730925,0.09399845683965709
6.859126984126984,0.08264008556618624
6.778431372549019,0.005173253641830492
6.699612403100774,0.02466224316746095
6.6226053639846745,0.14310518641298367
6.547348484848484,0.1003370304715141
6.473782771535581,0.10023266646614415
6.401851851851851,0.10829662231920376
6.331501831501831,0.0325635114705258
6.262681159420289,0.09299545430044118
6.195340501792114,0.07054484105499897
6.129432624113475,0.12110496654615435
6.064912280701754,0.10486205632153615
6.001736111111111,0.07928806754963769
5.939862542955326,0.14802131328975948
5.879251700680272,0.0852445139749909
5.81986531986532,0.04763714707289177
5.761666666666666,0.1031213204937919
5.704620462046204,0.01928586803407415
5.648692810457516,0.0027456398547706703
5.593851132686084,0.059055217523986805
5.540064102564102,0.06453605222025871
5.4873015873015865,0.12357008480261457
5.435534591194968,0.15623740740227643
5.3847352024922115,0.1225315505036197
5.334876543209877,0.1549847310719771
5.2859327217125385,0.12067623317740322
5.237878787878788,0.11445366089312214
5.1906906906906904,0.07837728430956892
5.144345238095238,0.05280551092358123
5.09882005899705,0.03656360456319549
5.054093567251462,0.07219857042772022
5.010144927536232,0.1830270918367772
4.966954022988506,0.05994726303575251
4.9245014245014245,0.15670395100781417
4.88276836158192,0.0574863752241195
4.841736694677871,0.14711651180840546
4.801388888888889,0.048094023257483284
4.7617079889807155,0.19364959278043273
4.722677595628415,0.06871496186966572
4.684281842818428,0.06938236633456261
4.646505376344086,0.10896376986852968
4.609333333333334,0.060631572119846995
4.572751322751322,0.17977800394254678
4.536745406824147,0.06238682527094613
4.501302083333333,0.0370313691699605
4.46640826873385,0.08568084770736237
4.432051282051282,0.0689324256327157
4.398218829516539,0.04721417567157586
4.36489898989899,0.08117630079385821
4.332080200501253,0.1213641173742071
4.2997512437810945,0.05591993654410545
4.267901234567901,0.053565903674239204
4.236519607843137,0.168567526481751
4.20559610705596,0.07647146288732969
4.17512077294686,0.07054079352199212
4.145083932853717,0.13374040558138175
4.1154761904761905,0.05564825489438821
4.08628841607565,0.1616001939885075
4.057511737089202,0.024710336851318515
4.029137529137529,0.19607194366286604
4.001157407407407,0.15224181256478006
3.9735632183908045,0.07951413850144796
3.9463470319634704,0.09353608207316724
3.919501133786848,0.11643172770033056
3.8930180180180183,0.06486806185574923
3.8668903803131984,0.0402702181541037
3.8411111111111107,0.09039612242086702
3.8156732891832226,0.009683929838511574
3.7905701754385963,0.14201118723388653
3.7657952069716774,0.06540118798023388
3.7413419913419914,0.08582559454241839
3.717204301075269,0.12875400149944777
3.6933760683760686,0.05857549681805009
3.669851380042463,0.039400440074186485
3.6466244725738397,0.044744329146534395
3.623689727463312,0.12959970760298356
3.6010416666666663,0.05982164722796016
3.5786749482401654,0.09172096189670358
3.5565843621399176,0.06357092538330848
3.534764826175869,0.07528781566199734
3.513211382113821,0.10175138307196419
3.491919191919192,0.0997583154281732
3.4708835341365463,0.14640132416001778
3.450099800399202,0.12115027092732493
3.429563492063492,0.05081967803923718
3.409270216962524,0.035484171518245546
3.3892156862745093,0.0781272853450282
3.3693957115009745,0.044555867123064787
3.349806201550387,0.03433810014941598
3.3304431599229285,0.0402591965218879
3.3113026819923372,0.1287678537529779
3.2923809523809524,0.07896020564161144
3.273674242424242,0.07345347517626823
3.2551789077212807,0.06235082574790571
3.2368913857677906,0.09045352944357524
3.218808193668529,0.04612251018754884
3.2009259259259255,0.04812992766698157
3.1832412523020253,0.029963111862610244
3.1657509157509156,0.1568833543480363
3.148451730418943,0.11370111282474388
3.1313405797101446,0.12395776629612729
3.1144144144144144,0.13566669140763768
3.097670250896057,0.0454235259315445
3.0811051693404634,0.08258289054391738
3.0647163120567376,0.026371141731204643
3.048500881834215,0.08590316664137687
3.032456140350877,0.08386479250972832
3.016579406631762,0.09698899140431827
3.0008680555555554,0.08802841020298174
2.985319516407599,0.10773911894763107
2.969931271477663,0.07444035165534614
2.9547008547008544,0.16861215462750995
2.939625850340136,0.03676320160842292
2.924703891708968,0.11611937991142408
2.90993265993266,0.14089766279306448
2.895309882747069,0.11871715977181968
2.880833333333333,0.09303766424692052
2.866500829187396,0.03019172029241416
2.852310231023102,0.11900842351533973
2.8382594417077174,0.18909202692641403
2.824346405228758,0.019109371963216243
2.810569105691057,0.10999057248111475
2.796925566343042,0.04772695677103805
2.78341384863124,0.06181806842930654
2.770032051282051,0.10020076796091365
2.7567783094098885,0.11703952018073226
2.7436507936507932,0.031465641063519345
2.730647709320695,0.15053869167655937
2.717767295597484,0.10184488751764606
2.705007824726134,0.08662840268595255
2.6923676012461057,0.16474688917435815
2.67984496124031,0.11991516253824316
2.6674382716049383,0.14403556108966564
2.655145929339478,0.10720578969574107
2.6429663608562692,0.05601314660375367
2.63089802130898,0.05465913954569538
2.618939393939394,0.08540755306234686
2.6070889894419302,0.09028057462668149
2.5953453453453452,0.056086830084913664
2.5837070254110612,0.14054103274296417
2.572172619047619,0.04764962655019675
2.5607407407407408,0.07388499496613139
2.549410029498525,0.024638260752250077
2.5381791483113068,0.06320998784021081
2.527046783625731,0.05452499525366833
2.5160116448326058,0.06961128513897091
2.505072463768116,0.060967466368159653
2.494227994227994,0.10266032225126201
2.483477011494253,0.08110012820150805
2.472818311874106,0.14234155784973118
2.4622507122507122,0.04445205536961147
2.45177304964539,0.010680928177388275
2.44138418079096,0.09212093761518274
2.431082981715893,0.1651867335487304
2.4208683473389354,0.1454963806039749
2.4107391910739193,0.0784968275162641
2.4006944444444445,0.15396822121451662
2.3907330567081604,0.04571926151729703
2.3808539944903577,0.0497709093655767
2.3710562414266114,0.1367041949389969
2.3613387978142075,0.029299217495303453
2.3517006802721085,0.033380629373109136
2.342140921409214,0.09616135384780915
2.3326585695006745,0.19823259999279036
2.323252688172043,0.1719884393243736
2.3139223560910307,0.15249698306732454
2.304666666666667,0.08259509772657514
2.295484727755644,0.0387155404151184
2.286375661375661,0.007883955915371305
2.2773386034255596,0.04677321595545193
2.2683727034120733,0.0588025658805244
2.2594771241830065,0.0615674424210756
2.2506510416666665,0.049986761759292966
2.24189364461738,0.06421664439407718
2.233204134366925,0.012451583528557603
2.2245817245817245,0.12064356475596057
2.216025641025641,0.07270993018520593
2.207535121328225,0.10067052210072006
2.1991094147582695,0.04449938022007813
2.1907477820025347,0.11224770532315079
2.182449494949495,0.07169502926522485
2.1742138364779873,0.049838516695733914
2.1660401002506267,0.09981059272120393
2.1579275905118602,0.13305078682857222
2.1498756218905473,0.1297563037746
2.141883519206939,0.15861464910312184
2.1339506172839506,0.037833539013339836
2.126076260762608,0.09096558967053987
2.1182598039215685,0.06534881108805865
2.11050061050061,0.07107830635409779
2.10279805352798,0.07474667683611284
2.095151515151515,0.12459679487519996
2.08756038647343,0.08105160817183324
2.0800240673886883,0.08824094210641373
2.0725419664268583,0.14517201311205927
2.0651135005973718,0.12696322508176738
2.0577380952380953,0.10641734702156286
2.050415183867141,0.013446414547978158
2.043144208037825,0.09055936747922969
2.035924617196702,0.07767937125028351
2.028755868544601,0.15789732239669985
2.021637426900585,0.059515058613322264
2.0145687645687644,0.0828334020496135
2.007549361207898,0.05305995808989921
2.0005787037037037,0.09513193666568297
1.993656286043829,0.13177294529057682
1.9867816091954023,0.020148371625187057
1.9799541809851087,0.13540610067678696
1.9731735159817352,0.03810583640947874
1.9664391353811148,0.1833878983116027
1.959750566893424,0.10373783498445432
1.9531073446327682,0.033384401699372936
1.9465090090090091,0.008939757254019338
1.9399551066217733,0.14545605807720438
1.9334451901565992,0.056300965958358366
1.926978818283166,0.13041007178090921
1.9205555555555553,0.13827153312287635
1.9141749723145072,0.04032817329682528
1.9078366445916113,0.019185365171478896
1.9015401540154016,0.14779298758640239
1.8952850877192982,0.05731747397137691
1.8890710382513662,0.09225438664261314
1.8828976034858387,0.0159161378294078
1.8767643865363737,0.0452820119719613
1.8706709956709957,0.04999319287432027
1.8646170442286945,0.07782913497154599
1.8586021505376344,0.08168745549110051
1.8526259378349408,0.12061085881738355
1.8466880341880343,0.035414711693923795
1.8407880724174652,0.14851623833820762
1.8349256900212314,0.04196864344911274
1.829100529100529,0.08803493998632185
1.8233122362869199,0.040621181719255856
1.8175604626708728,0.08240881245329994
1.811844863731656,0.0828456070803613
1.8061650992685474,0.09286138562493401
1.8005208333333331,0.16607063821161935
1.7949117341640706,0.10379067439466429
1.7893374741200827,0.09143237387769174
1.783797729618163,0.09534008069904713
1.7782921810699588,0.06962836959006569
1.7728205128205128,0.04572365371340003
1.7673824130879345,0.06964155499561453
1.7619775739041794,0.039420600601448974
1.7566056910569106,0.06776028186062988
1.7512664640324214,0.09640126261589117
1.745959595959596,0.05671366051981591
1.740684793554884,0.037840811673769334
1.7354417670682731,0.019482414261323276
1.7302302302302301,0.07822348853466904
1.725049900199601,0.044907732208831014
1.7199004975124377,0.021566090742231956
1.714781746031746,0.0836368427529491
1.7096933728981205,0.02377884004822148
1.704635108481262,0.030648099088200768
1.69960668633235,0.09513966374421863
1.6946078431372547,0.10001571291621134
1.6896383186705768,0.11816761471963216
1.6846978557504872,0.12752741608653023
1.6797862001943635,0.10369259496801633
1.6749031007751936,0.07170327154979743
1.670048309178744,0.03851425920938569
1.6652215799614642,0.06562527732532411
1.6604226705091258,0.026594254476633074
1.6556513409961686,0.0749645751867001
1.6509073543457495,0.132182087803505
1.6461904761904762,0.02794267103034588
1.641500474833808,0.10173486562337415
1.636837121212121,0.10576418352839145
1.6322001888574125,0.17345594596884964
1.6275894538606404,0.06314165529558774
1.6230046948356807,0.10656019556579234
1.6184456928838953,0.026119651843710377
1.6139122315592902,0.10949286158779054
1.6094040968342644,0.09256610838699422
1.604921077065924,0.11869049132272248
1.6004629629629628,0.03751030013339022
1.5960295475530932,0.09667256060483499
1.5916206261510126,0.052303732012395486
1.5872359963269054,0.10525852891204161
1.5828754578754578,0.061269065913693556
1.578538812785388,0.07087063260008189
1.5742258652094716,0.059916799215614804
1.569936421435059,0.15576992403537032
1.5656702898550723,0.06167032214845874
1.5614272809394758,0.056070230909343224
1.5572072072072072,0.051930776759543766
1.5530098831985624,0.14994455153155606
1.5488351254480286,0.055956271238752645
1.5446827524575513,0.0703732343770167
1.5405525846702317,0.03145042094304378
1.5364444444444443,0.14319327362507042
1.5323581560283688,0.07380371381229207
1.5282935455349247,0.10939878198969599
1.5242504409171076,0.11549444925265356
1.5202286719437115,0.0336933227506239
1.5162280701754385,0.03357939335738703
1.5122484689413822,0.07383286505200423
1.508289703315881,0.0946145553890799
1.5043516100957355,0.11751327271977731
1.5004340277777777,0.025145311341663985
1.4965367965367966,0.04773127639410129
1.4926597582037995,0.1212479521690556
1.4888027562446167,0.09479747567202836
1.4849656357388314,0.11431414797389221
1.4811482433590404,0.15721518054955594
1.4773504273504272,0.07714325924478461
1.4735720375106562,0.08190097901667504
1.469812925170068,0.08504535439316278
1.4660729431721797,0.04272037395271688
1.462351945854484,0.14485304707666022
1.4586497890295358,0.1068870642619042
1.45496632996633,0.07476958954843575
1.4513014273719562,0.08305430004717693
1.4476549413735345,0.020256636714928687
1.4440267335004175,0.028443404116945167
1.4404166666666665,0.10407692325905116
1.436824605153782,0.08253619331006615
1.433250414593698,0.024325073851890408
1.4296939619520264,0.05958452202831446
1.426155115511551,0.04908658207781547
1.4226337448559672,0.10576715815144351
1.4191297208538587,0.08576096395782638
1.4156429156429156,0.06820409813148022
1.412173202614379,0.15209021316374982
1.408720456397718,0.05163306335985446
1.4052845528455284,0.15288229093296965
1.4018653690186536,0.06478577429266955
1.398462783171521,0.10648774889083373
1.3950766747376915,0.12918849750550032
1.39170692431562,0.1718309162304424
1.3883534136546183,0.14550010407852798
1.3850160256410255,0.15368422596730158
1.3816946442845723,0.06891807690893215
1.3783891547049443,0.08771990041802043
1.3750994431185362,0.10364988994741856
1.3718253968253966,0.04286928534128535
1.3685669041963577,0.02931828999830744
1.3653238546603474,0.1609077410046877
1.3620961386918833,0.05576789705642311
1.358883647798742,0.08348085393631377
1.355686274509804,0.08505490942830705
1.352503912363067,0.011649664735841373
1.349336455893833,0.0821705523984599
1.3461838006230529,0.03888020792878499
1.3430458430458432,0.14104878846114868
1.339922480620155,0.04888679017243586
1.3368136117556069,0.07100440740729783
1.3337191358024691,0.04093266805859152
1.3306389530408005,0.12884299654755232
1.327572964669739,0.023788899873494137
1.3245210727969348,0.07571887339219956
1.3214831804281346,0.1553395542352087
1.318459191456903,0.06753050840566194
1.31544901065449,0.05472139491692991
1.3124525436598329,0.14387536079053242
1.309469696969697,0.04416281567958013
1.3065003779289492,0.025558801047079163
1.3035444947209651,0.02756354954878516
1.3006019563581641,0.03128363803133688
1.2976726726726726,0.02447979479658278
1.294756554307116,0.08135079705986463
1.2918535127055306,0.05015211641756758
1.2889634601043998,0.15032079282627886
1.2860863095238095,0.035860038129574626
1.283221974758723,0.10194785865960543
1.2803703703703704,0.08344997931137046
1.277531411677753,0.04817593394950654
1.2747050147492625,0.05221313335622791
1.2718910963944074,0.07592307724697807
1.2690895741556534,0.0555324770803272
1.2663003663003662,0.04904093009086628
1.2635233918128654,0.03455101930055099
1.2607585703865791,0.035586734023199916
1.2580058224163029,0.19891233146210935
1.2552650689905591,0.0774778006649058
1.252536231884058,0.03203231382650951
1.249819233550253,0.050573195254303246
1.247113997113997,0.04903625863187456
1.2444204463642907,0.1112705147407926
1.2417385057471264,0.09748104564775753
1.239068100358423,0.06428234818156565
1.236409155937053,0.13151211635523072
1.2337615988579587,0.08000187793373455
1.2311253561253561,0.0734625248983955
1.228500355366027,0.05122631704106381
1.225886524822695,0.04371257806986873
1.2232837933474876,0.11159242843097338
1.22069209039548,0.09215353505902577
1.2181113460183226,0.06946217790038496
1.2155414908579465,0.05840971024863846
1.2129824561403508,0.032031382248832334
1.2104341736694677,0.19895597425059042
1.207896575821104,0.04242679302793818
1.2053695955369597,0.04928422649296369
1.2028531663187194,0.12677569866597338
1.2003472222222222,0.06271892681239723
1.1978516978516978,0.01403505313517408
1.1953665283540802,0.025681950599171773
1.1928916494133885,0.09197114628749813
1.1904269972451789,0.05385028647528316
1.1879725085910653,0.1797943540616545
1.1855281207133057,0.1526888297975091
1.1830937713894594,0.1071118051750996
1.1806693989071038,0.07828068653403836
1.178254942058623,0.02370247535215464
1.1758503401360543,0.1225070225805991
1.1734555329260015,0.009593731256615055
1.171070460704607,0.03842213333056397
1.1686950642325895,0.03412186951735909
1.1663292847503373,0.14789893827286485
1.1639730639730639,0.07990942858359235
1.1616263440860215,0.11882504507104741
1.1592890677397718,0.07328373907216862
1.1569611780455153,0.1314004850935072
1.1546426185704741,0.16312541639373435
1.1523333333333334,0.05614325201101186
1.1500332667997337,0.11266395560138977
1.147742363877822,0.15898095046046473
1.1454605699138503,0.08546551629588325
1.1431878306878305,0.02493820356212194
1.140924092409241,0.10621615960892873
1.1386693017127798,0.02976861982625289
1.1364234056541749,0.12247613984190928
1.1341863517060367,0.06944760161520067
1.1319580877537656,0.1336860831970789
1.1297385620915033,0.1476503541059268
1.1275277234181345,0.02865724583176736
1.1253255208333333,0.022985604424697353
1.123131903833658,0.102224198069314
1.12094682230869,0.10737325429168759
1.1187702265372168,0.03415270176977001
1.1166020671834624,0.06300608551477033
1.114442295293359,0.08847231074594321
1.1122908622908623,0.06929555582117608
1.1101477199743095,0.08140400116946814
1.1080128205128206,0.07009492007828173
1.1058861164427383,0.1268705857410737
1.1037675606641124,0.06082886531889592
1.1016571064372211,0.11946634450906408
1.0995547073791347,0.02115886906930761
1.0974603174603175,0.18782883677707563
1.0953738910012674,0.0750274117479776
1.0932953826691967,0.1333627891628613
1.0912247474747474,0.04233453112720594
1.089161940768746,0.0776760549064426
1.0871069182389936,0.062408004627902254
1.0850596359070936,0.1829666149597293
1.0830200501253133,0.12491216308180343
1.0809881175734832,0.08220400126291189
1.0789637952559301,0.0790303507661086
1.0769470404984423,0.05413726716478398
1.0749378109452736,0.08681756635054443
1.0729360645561763,0.10419705992443366
1.0709417596034696,0.0800889442626358
1.0689548546691403,0.03808032392446611
1.0669753086419753,0.08759404852942604
1.0650030807147257,0.11952458952852918
1.063038130381304,0.04261719161747794
1.0610804174340085,0.07215634493497171
1.0591299019607843,0.009586034095716262
1.0571865443425077,0.059377950578940464
1.055250305250305,0.07150173851714443
1.0533211456429006,0.03142040726596855
1.05139902676399,0.05085419964867443
1.0494839101396478,0.15713188617003454
1.0475757575757576,0.10029603022911122
1.045674531155475,0.06818081893458065
1.043780193236715,0.1361407207170022
1.0418927064496684,0.10803037086552852
1.0400120336943441,0.11493284389921081
1.038138138138138,0.11051403570352947
1.0362709832134291,0.10735185709873656
1.0344105326152004,0.05112156494205173
1.0325567502986859,0.1653077648617254
1.0307096004770422,0.06713095871264456
1.0288690476190476,0.09835999541563334
1.0270350564468211,0.06005734982213464
1.0252075919335706,0.026668404698521105
1.0233866193013617,0.0811265622046034
1.0215721040189125,0.05214748929414393
1.01976401179941,0.12071049118783458
1.017962308598351,0.14007682666899318
1.016166960611405,0.03902176311988496
1.0143779342723005,0.07346598085134372
1.0125951962507322,0.061249534755318635
1.0108187134502924,0.16099780329645053
1.0090484530064214,0.13954382186483213
1.0072843822843822,0.11359618196000308
1.0055264688772543,0.20809706760073887
1.003774680603949,0.09524474405831501
1.0020289855072464,0.06810097795516223
1.0002893518518519,0.15502723389730827
0.9985557481224725,0.11926316466895547
0.9968281430219145,0.04132985314081002
0.9951065054691998,0.04222982435046062
0.9933908045977011,0.05409898896846414
0.9916810097532989,0.016481186116918022
0.9899770904925543,0.05735250585040314
0.9882790165809034,0.09669446678120167
0.9865867579908676,0.05284809487030103
0.9849002849002849,0.10596008086359467
0.9832195676905574,0.10886735861615038
0.9815445769449175,0.08642654479927148
0.979875283446712,0.10372533315140411
0.9782116581777023,0.1271607159520597
0.9765536723163841,0.11895578595141884
0.9749012972363225,0.12714629039319947
0.9732545045045046,0.12750144349321563
0.9716132658797078,0.11666903242342204
0.9699775533108866,0.06424800420828512
0.9683473389355741,0.053795021711386025
0.9667225950782996,0.19111882163786093
0.965103294249023,0.11419841023332902
0.963489409141583,0.05820143879923287
0.9618809126321647,0.08553898243956805
0.9602777777777777,0.13996097719542527
0.9586799778147532,0.06652323776903223
0.9570874861572536,0.03742661586854194
0.9555002763957987,0.14153428252302463
0.9539183222958056,0.11493988072351315
0.9523415977961431,0.1420784655066717
0.9507700770077008,0.1199502863958548
0.9492037342119715,0.08493625485781506
0.9476425438596491,0.07794985020017897
0.946086480569239,0.04044503312319438
0.9445355191256831,0.03634611516078337
0.9429896344789962,0.04521826471471145
0.9414488017429193,0.14987185649153742
0.9399129961935834,0.0475080599448386
0.9383821932681868,0.013272021262316849
0.9368563685636856,0.062354306753265615
0.9353354978354979,0.056598199300738054
0.9338195569962182,0.07542303776099656
0.9323085221143472,0.07153095270594705
0.9308023694130318,0.1009463525857297
0.9293010752688172,0.1656626283294592
0.9278046162104132,0.08022892142830275
0.9263129689174704,0.05779473327289836
0.9248261102193687,0.10071532202363391
0.9233440170940171,0.10804039905430922
0.9218666666666666,0.08797707027100424
0.9203940362087326,0.026928843939693824
0.9189261031366294,0.16480528576798667
0.9174628450106157,0.07321758723790436
0.9160042395336513,0.0987348832905596
0.9145502645502644,0.13053278163225338
0.9131008980454304,0.0884769823428147
0.9116561181434599,0.044250197824723565
0.9102159031068984,0.10383854418571158
0.9087802313354364,0.07217201464678451
0.9073490813648293,0.09258286618703675
0.905922431865828,0.11513606112138326
0.9045002616431188,0.07617018182852142
0.9030825496342737,0.07213839607778937
0.9016692749087115,0.013815822236701768
0.9002604166666666,0.10132205690500543
0.8988559542381696,0.07436181913935094
0.8974558670820353,0.06631707506903199
0.8960601347848626,0.12066574326779711
0.8946687370600414,0.10936299846206961
0.89328165374677,0.07949338236294545
0.8918988648090815,0.0635070656642413
0.8905203503348789,0.07470205624532217
0.8891460905349794,0.13282366326434544
0.8877760657421673,0.03720014178026046
0.8864102564102564,0.06993032657090793
0.8850486431131592,0.08096573104313001
0.8836912065439673,0.16204955750809374
0.8823379275140377,0.08231508016551228
0.8809887869520897,0.057001928421604446
0.8796437659033078,0.1230024529578507
0.8783028455284553,0.07361651826818064
0.8769660071029933,0.14246510983115146
0.8756332320162107,0.1089164817692136
0.8743045017703591,0.0025329181987936438
0.872979797979798,0.06708270142483795
0.8716591023701462,0.012306941446241193
0.870342396777442,0.10400943915824133
0.8690296631473102,0.21098391771910766
0.8677208835341366,0.08085369747916436
0.8664160401002506,0.09327176521275923
0.8651151151151151,0.010441331840899789
0.8638180909545227,0.1691221800034816
0.8625249500998005,0.1085129979620832
0.8612356751370204,0.028890846190768562
0.8599502487562188,0.1140679661404431
0.8586686537506208,0.06119232488372654
0.857390873015873,0.04532176031650631
0.8561168895492818,0.10646177610165695
0.8548466864490603,0.14476404706838827
0.8535802469135801,0.037028089512817164
0.852317554240631,0.0563658217175123
0.8510585918266864,0.053507767904381776
0.849803343166175,0.15036274221162485
0.8485517918507609,0.1310817462829421
0.8473039215686273,0.09068412457384882
0.846059716103769,0.015372802601482582
0.8448191593352884,0.20085414579408328
0.8435822352367007,0.10887241538957759
0.8423489278752436,0.13273070652973631
0.8411192214111922,0.11031305376403505
0.8398931000971818,0.10389113681962363
0.8386705482775352,0.07529658806234665
0.8374515503875968,0.16463850788823994
0.8362360909530719,0.0655852380139223
0.835024154589372,0.16008816620175262
0.8338157260009648,0.10850225341453937
0.8326107899807321,0.13057692151154118
0.8314093314093314,0.1386517273264257
0.8302113352545629,0.0982784141597989
0.8290167865707434,0.10235141484877415
0.8278256704980843,0.13467863197850613
0.8266379722620755,0.09346790379919707
0.8254536771728748,0.0461336064583125
0.824272770624702,0.1382325890738994
0.8230952380952381,0.01694589417854513
0.8219210651450308,0.08655850332511028
0.820750237416904,0.020471352726488343
0.8195827406353723,0.15231932643978321
0.8184185606060606,0.11023700133412413
0.81725768321513,0.05005792991329489
0.8161000944287062,0.06623751511423312
0.8149457802923148,0.05321322107044441
0.8137947269303202,0.07365419989041112
0.812646920545369,0.16280147219618762
0.8115023474178403,0.047388859276305074
0.8103609939052976,0.11039130104983817
0.8092228464419476,0.04610403375726259
0.8080878915381019,0.030656828865868353
0.8069561157796451,0.08270480761406981
0.8058275058275057,0.1867542522890025
0.8047020484171322,0.1008414110668431
0.803579730357973,0.09676661207892638
0.802460538532962,0.04191447690044607
0.8013444598980064,0.16541885812917687
0.8002314814814814,0.09309416790635541
0.7991215903837263,0.11474925412198882
0.7980147737765466,0.183448174552797
0.7969110189027201,0.13219987184640355
0.7958103130755063,0.01175459746988875
0.794712643678161,0.08741775217178921
0.7936179981634527,0.021665003577342287
0.7925263640531865,0.09347523248746964
0.7914377289377289,0.06714070991334131
0.7903520804755372,0.16377770049047116
0.789269406392694,0.03853236210165767
0.7881896944824441,0.07756194322338249
0.7871129326047358,0.05814050686860094
0.7860391086857662,0.1002358780862673
0.7849682107175295,0.1430492655936002
0.7839002267573696,0.19250771245617132
0.7828351449275361,0.03491312596947196
0.7817729534147444,0.024282708659218562
0.7807136404697379,0.060907112642235396
0.7796571944068561,0.11936381059200533
0.7786036036036036,0.11356619924020403
0.7775528565002249,0.03627531464285974
0.7765049415992812,0.0348295774787568
0.7754598474652311,0.046735045898121046
0.7744175627240143,0.09759572986890412
0.7733780760626398,0.07028160340200922
0.7723413762287756,0.05945336390731563
0.7713074520303437,0.11990603509998021
0.7702762923351159,0.0538080469628336
0.7692478860703159,0.10573393840039054
0.7682222222222221,0.08104538782101571
0.7671992898357745,0.08548086257381939
0.7661790780141844,0.15678202954562914
0.765161575918548,0.0654561591299571
0.7641467727674623,0.10834905504927118
0.7631346578366445,0.10018994329309973
0.7621252204585538,0.10700526159905495
0.7611184500220167,0.12020624829010547
0.7601143359718557,0.09438446913638064
0.7591128678085199,0.011622270865213329
0.7581140350877192,0.1667709354050766
0.7571178274200613,0.10024070222406185
0.7561242344706911,0.05558639240935441
0.7551332459589339,0.07324909694802179
0.7541448516579405,0.2062889567776487
0.7531590413943355,0.07243279608397113
0.7521758050478677,0.1274925156383882
0.7511951325510647,0.03767981743575577
0.7502170138888888,0.1316449659615785
0.7492414390983961,0.04471300068895862
0.7482683982683983,0.0701056725724039
0.7472978815391267,0.044030346535859244
0.7463298791018997,0.08553525344400374
0.7453643811987926,0.13924640568107258
0.7444013781223083,0.1276272524989774
0.7434408602150537,0.08878985648188226
0.7424828178694157,0.14342374077294875
0.7415272415272415,0.025911088329124594
0.7405741216795202,0.14601122903048852
0.7396234488660676,0.05503629441298258
0.7386752136752136,0.10492041197485515
0.7377294067434912,0.09971364364778128
0.7367860187553281,0.07490293918835444
0.7358450404427416,0.1252296375475351
0.734906462585034,0.07194296690087772
0.7339702760084925,0.03713662744853305
0.7330364715860899,0.059760713743900094
0.7321050402371877,0.046802587931777155
0.731175972927242,0.12435518238172645
0.7302492606675116,0.10390097528318448
0.7293248945147679,0.15725556791834222
0.7284028655710071,0.10210279000663512
0.727483164983165,0.11479205359530673
0.7265657839428331,0.06315170563453439
0.7256507136859781,0.0951072297989682
0.7247379454926623,0.1037926468851866
0.7238274706867672,0.11205895506673236
0.7229192806357173,0.1170410913130437
0.7220133667502088,0.09320531310883629
0.7211097204839382,0.16376580539500465
0.7202083333333332,0.1704052985530943
0.7193091968372868,0.07899684261484975
0.718412302576891,0.17190706485545246
0.7175176421751763,0.06960989756151642
0.716625207296849,0.032576562914273806
0.7157349896480332,0.010117435251308106
0.7148469809760132,0.08735274093046905
0.7139611730689798,0.05098927478682123
0.7130775577557755,0.09390521425973718
0.7121961269056447,0.0882218125607351
0.7113168724279836,0.05505105907256863
0.710439786272092,0.09706927169536539
0.7095648604269293,0.03816219745526845
0.7086920869208692,0.11893597522062412
0.7078214578214578,0.1590495016655709
0.7069529652351738,0.13123531535569366
0.7060866013071895,0.1271572186317481
0.7052223582211342,0.06310953629056658
0.704360228198859,0.09702639605902222
0.7035002035002035,0.03004414339920865
0.7026422764227642,0.11102344499506875
0.7017864393016646,0.08729104177225616
0.7009326845093268,0.06338341189769112
0.700081004455245,0.029756599135687196
0.6992313915857605,0.052875938599558824
0.6983838383838383,0.08423874196065115
0.6975383373688457,0.11654803039352549
0.6966948810963322,0.02577477291653004
0.69585346215781,0.1668028313556723
0.6950140731805388,0.19208082814812003
0.6941767068273091,0.18126857930000184
0.6933413557962294,0.019452389829030116
0.6925080128205128,0.12179348845381487
0.6916766706682673,0.15346527492810963
0.6908473221422862,0.10353337554891588
0.6900199600798402,0.16828516000026178
0.6891945773524721,0.14474221772284657
0.6883711668657905,0.09752650077238187
0.6875497215592681,0.0993728990341715
0.6867302344060389,0.141113605218563
0.6859126984126983,0.0942639626315472
0.6850971066191043,0.07298290775745588
0.6842834520981789,0.04036516880700506
0.6834717279557136,0.13008014086154657
0.6826619273301737,0.11211475926304043
0.681854043392505,0.15534737541377935
0.6810480693459416,0.05280365369818825
0.6802439984258166,0.09789341414709428
0.679441823899371,0.13956740577540894
0.6786415390655673,0.03560582101287637
0.677843137254902,0.1646602840597465
0.6770466118292205,0.09567350550022939
0.6762519561815336,0.1761923582238375
0.6754591637358343,0.06902635471571737
0.6746682279469165,0.13534600029759575
0.673879142300195,0.1324189202706148
0.6730919003115264,0.10834472138964467
0.6723064955270323,0.0681859515950349
0.6715229215229216,0.06076136216968589
0.6707411719053162,0.08588208194233089
0.6699612403100775,0.19138229980206878
0.6691831204026325,0.14868980218756656
0.6684068058778034,0.06793134011861525
0.6676322904596369,0.07432661911168469
0.6668595679012346,0.041682138914668265
0.6660886319845857,0.13296396199997398
0.6653194765204002,0.046803418756438606
0.6645520953479431,0.09237423515267772
0.6637864823348695,0.13087323908030685
0.6630226313770617,0.07342087730438075
0.6622605363984674,0.057175880886954286
0.6615001913509375,0.06884242866534937
0.6607415902140673,0.046794898674775
0.6599847269950363,0.11580366685864314
0.6592295957284515,0.03185453613216007
0.6584761904761904,0.16957853019261518
0.657724505327245,0.07377978139567216
0.6569745343975675,0.0342164577541817
0.6562262718299164,0.0406121116349309
0.6554797117937049,0.03287611120961872
0.6547348484848485,0.06983977131151971
0.6539916761256148,0.11419947791400412
0.6532501889644746,0.06756183894457557
0.6525103812759532,0.09873401856966307
0.6517722473604826,0.07333321090366654
0.6510357815442561,0.07040398805983551
0.6503009781790821,0.1973909853984318
0.6495678316422397,0.022889238291915276
0.6488363363363363,0.06166418101569505
0.6481064866891638,0.08592364232288453
0.647378277153558,0.07689427998317229
0.6466517022072578,0.056090710488870286
0.6459267563527653,0.06041032519443254
0.6452034341172078,0.050028185579526756
0.6444817300521999,0.06394615951085854
0.6437616387337057,0.06093205210445358
0.6430431547619048,0.11219533539202678
0.6423262727610554,0.04941132880479418
0.6416109873793615,0.0769569420456553
0.6408972932888395,0.10324635498139716
0.6401851851851852,0.12227104432503044
0.6394746577876433,0.057616190324357185
0.6387657058388765,0.007832158258786732
0.6380583241048358,0.05986504160784913
0.6373525073746312,0.01623650544627155
0.6366482504604051,0.07004513879154844
0.6359455481972037,0.09597705768185222
0.6352443954428519,0.1142459957357708
0.6345447870778267,0.0776881552441177
0.6338467180051338,0.03702368551362036
0.6331501831501831,0.054749637990546864
0.6324551774606659,0.04652395409524824
0.6317616959064327,0.055386865597564665
0.631069733479372,0.14925055996627545
0.6303792851932896,0.0668576148186124
0.6296903460837886,0.032491341314253026
0.6290029112081514,0.1323506976204459
0.6283169756452199,0.0741239727790844
0.6276325344952796,0.06279210293767422
0.626949582879942,0.07898680972129331
0.626268115942029,0.05493598315626344
0.6255881288454578,0.035927350841967284
0.6249096167751265,0.1502580588905307
0.6242325749368003,0.08956751640195318
0.6235569985569985,0.06300430869812854
0.6228828828828828,0.16004286855938338
0.6222102231821454,0.02824937137771344
0.6215390147428982,0.08210353749174998
0.6208692528735632,0.20482622232529246
0.6202009329027628,0.06669475278253727
0.6195340501792115,0.02723765084904928
0.6188686000716076,0.11045842327495421
0.6182045779685265,0.08516923746430462
0.6175419792783137,0.051190695560533295
0.6168807994289793,0.13582995916043653
0.6162210338680927,0.15286993262309506
0.6155626780626781,0.09267910406526135
0.6149057274991105,0.1651837063123652
0.6142501776830135,0.021807492045986424
0.6135960241391551,0.1393225538804298
0.6129432624113474,0.059481645281357125
0.612291888062345,0.08305259867959203
0.6116418966737438,0.11197476437114674
0.6109932838458819,0.11651617010588633
0.61034604519774,0.11655730516517271
0.609700176366843,0.14319196436147782
0.6090556730091613,0.1081018545595007
0.6084125307990145,0.02933886026727707
0.6077707454289732,0.1444587647714976
0.6071303126097646,0.19868646909908752
0.6064912280701754,0.15829667797250183
0.6058534875569576,0.08699212235706939
0.6052170868347339,0.17528591753420034
0.6045820216859041,0.13093432200674832
0.603948287910552,0.1288075297855869
0.6033158813263525,0.09086022447141938
0.6026847977684798,0.033150680777494605
0.6020550330895158,0.08639194739115247
0.6014265831593597,0.13716515972646343
0.6007994438651373,0.03340984859743932
0.6001736111111111,0.03769957335290406
0.5995490808185917,0.10774640148982649
0.5989258489258489,0.10472323547895027
0.5983039113880235,0.07289854411401955
0.5976832641770401,0.060470001147161404
0.5970639032815198,0.10292547780099875
0.5964458247066943,0.06192809151708754
0.5958290244743192,0.09656886261947713
0.5952134986225894,0.11184725361147316
0.5945992432060544,0.19157598121749383
0.5939862542955326,0.024289878135633308
0.5933745279780295,0.040129338183742515
0.5927640603566529,0.09261416446760419
0.5921548475505309,0.07606294364535447
0.5915468856947297,0.06595747135475791
0.5909401709401709,0.0773064447212608
0.5903346994535519,0.0972471909310971
0.5897304674172636,0.13488397999614116
0.5891274710293115,0.05996588019144963
0.5885257065032345,0.057439558446172094
0.5879251700680271,0.06801736683097442
0.5873258579680598,0.10965252273831139
0.5867277664630007,0.18234041876091894
0.5861308918277383,0.06567068736188726
0.5855352303523035,0.1528201595293107
0.5849407783417935,0.10391042026374121
0.5843475321162948,0.05418421136329734
0.5837554880108071,0.14455948722278714
0.5831646423751686,0.1363794662610763
0.5825749915739804,0.04343374126439676
0.5819865319865319,0.07259656698528617
0.5813992600067273,0.039466610058985115
0.5808131720430108,0.016228726572495352
0.5802282645182947,0.08446257895169694
0.5796445338698859,0.07451077553619447
0.5790619765494137,0.10395653909207082
0.5784805890227577,0.018650700109570328
0.5779003677699766,0.03644758598370549
0.5773213092852371,0.10016460620865095
0.5767434100767433,0.051625040700779
0.5761666666666667,0.04719392071089792
0.5755910755910756,0.033506768203503116
0.5750166333998669,0.03727258017578323
0.5744433366566966,0.06571403361005194
0.573871181938911,0.11593909023504631
0.5733001658374792,0.0703650711877508
0.5727302849569251,0.05295317033750251
0.5721615359152599,0.09328115778609272
0.5715939153439152,0.10739426996403521
0.5710274198876776,0.10246899043139235
0.5704620462046205,0.04412443030034423
0.5698977909660402,0.04757985519090303
0.5693346508563899,0.037269481113080184
0.5687726225732149,0.09110522122565912
0.5682117028270874,0.03772038120854675
0.5676518883415435,0.04710711388710961
0.5670931758530183,0.09408785289410213
0.5665355621107833,0.06992911422653234
0.5659790438768828,0.0595043336822215
0.5654236179260713,0.03797022537138647
0.5648692810457516,0.08065426864679685
0.5643160300359125,0.0939713378097638
0.5637638617090672,0.08406076399542327
0.5632127728901922,0.11642484415606176
0.5626627604166666,0.07593482171856805
0.5621138211382113,0.06057434599700784
0.561565951916829,0.08834288588693709
0.5610191496267446,0.0487013573928753
0.560473411154345,0.08084936239772089
0.5599287333981211,0.02806966678149969
0.5593851132686084,0.04486058892754289
0.5588425476883285,0.13709786668647048
0.5583010335917312,0.04737790141912702
0.5577605679251371,0.13215001102948587
0.5572211476466795,0.04502963309749691
0.556682769726248,0.011419999455795839
0.5561454311454311,0.12193150696838648
0.5556091288974606,0.06155147261776938
0.5550738599871547,0.05565523090166976
0.554539621430863,0.14173613373776256
0.5540064102564103,0.052665947882327147
0.553474223503042,0.04368933778515672
0.5529430582213691,0.048043241410517516
0.5524129114733141,0.1144803070904715
0.5518837803320562,0.07826243908800065
0.5513556618819777,0.08019035410972607
0.5508285532186106,0.033122863570095966
0.5503024514485833,0.15729765134724588
0.5497773536895674,0.07682136876804498
0.5492532570702257,0.1590325962035606
0.5487301587301587,0.10441833149065598
0.5482080558198541,0.09952836391676458
0.5476869455006337,0.02616989277430976
0.5471668249446028,0.10213998692277508
0.5466476913345983,0.008936039770678151
0.546129541864139,0.0959984181593554
0.5456123737373737,0.0617104318602908
0.5450961841690318,0.0698465376599809
0.544580970384373,0.13286417696870398
0.5440667296191375,0.11243567304718545
0.5435534591194968,0.12292696886334052
0.5430411561420043,0.06847178054234349
0.5425298179535468,0.15654594161332633
0.542019441831295,0.07568823225900749
0.5415100250626567,0.0648703435121501
0.5410015649452269,0.10930980639296783
0.5404940587867416,0.014712913747234269
0.5399875039050297,0.09977596909408737
0.5394818976279651,0.10418046059953891
0.5389772372934206,0.17492386652305233
0.5384735202492211,0.06359269147090682
0.5379707438530968,0.05534981351260693
0.5374689054726368,0.04471203963769428
0.5369680024852438,0.11221145873578275
0.5364680322780881,0.042419593845449306
0.535968992248062,0.1691374316216703
0.5354708798017348,0.20092388225739466
0.5349736923553079,0.08953888877666989
0.5344774273345702,0.040792190665847966
0.5339820821748532,0.06674390835355651
0.5334876543209877,0.09258251961156415
0.5329941412272587,0.06561150884751418
0.5325015403573629,0.06784481054357636
0.5320098491843643,0.06915454138334982
0.531519065190652,0.09394113696171136
0.5310291858678955,0.08314025454626561
0.5305402087170042,0.08437984913168821
0.5300521312480834,0.029181745910484683
0.5295649509803921,0.08948875392876443
0.5290786654423018,0.14228277787692542
0.5285932721712538,0.124404680331483
0.5281087687137183,0.03957707456372634
0.5276251526251525,0.021669056539455212
0.5271424214699604,0.14296215895146552
0.5266605728214503,0.07093526608515602
0.526179604261796,0.08408448224104466
0.525699513381995,0.04256449287406144
0.5252202977818292,0.15789941303451024
0.5247419550698239,0.19342734986400523
0.5242644828632089,0.1133278228281311
0.5237878787878788,0.1699812706177598
0.523312140478353,0.09663459298574607
0.5228372655777375,0.06518050633076616
0.522363251737685,0.05993182996389293
0.5218900966183575,0.025992448371730235
0.521417797888386,0.08912500273826862
0.5209463532248342,0.0888347975191259
0.5204757603131587,0.11950807722852778
0.5200060168471721,0.12704375349299615
0.519537120529005,0.1232082831079183
0.519069069069069,0.051806788356079894
0.5186018601860186,0.10478936305852332
0.5181354916067146,0.2617660266285389
0.5176699610661875,0.09672060790924959
0.5172052663076002,0.11117752974578338
0.5167414050822122,0.07101235485686494
0.5162783751493429,0.06340803429846385
0.5158161742763354,0.09489343888802515
0.5153548002385211,0.10154155586033721
0.5148942508191837,0.08487517288546328
0.5144345238095238,0.06197507211434166
0.5139756170086233,0.09853644018667784
0.5135175282234106,0.06698263998191556
0.5130602552686256,0.12889337903429232
0.5126037959667853,0.07230766667115616
0.5121481481481481,0.04891973252306137
0.5116933096506808,0.06619607823489992
0.5112392783200236,0.09864250919969399
0.5107860520094563,0.12127983389099471
0.5103336285798642,0.04315054890732459
0.509882005899705,0.0454151238239333
0.5094311818449749,0.1406883244884111
0.5089811542991755,0.019713939507781816
0.5085319211532804,0.13705479957059338
0.5080834803057025,0.11141911160120761
0.5076358296622614,0.13849265357171792
0.5071889671361502,0.05249928825725744
0.5067428906479038,0.09248871808926537
0.5062975981253661,0.1187033270182276
0.5058530875036582,0.132258162888245
0.5054093567251462,0.07494720802068308
0.5049664037394098,0.13678768593036278
0.5045242265032107,0.1505728402603055
0.5040828229804608,0.10345304389538015
0.5036421911421911,0.043394157403038466
0.5032023289665211,0.09590299882689024
0.5027632344386271,0.060884800267807467
0.502324905550712,0.15414258137377584
0.5018873403019745,0.07915828371586218
0.5014505366985784,0.07086176267792921
0.5010144927536232,0.13924558635946374
0.5005792064871126,0.0960962105226441
0.5001446759259259,0.09328053194834154
0.49971089910378724,0.13609967832351066
0.49927787406123625,0.07271119756633856
0.49884559884559887,0.12741522146745107
0.49841407151095724,0.08709052316806602
0.49798329011812154,0.07675290937178916
0.4975532527345999,0.02758124083335854
0.49712395743457,0.0865812570718671
0.49669540229885056,0.024843551942606845
0.49626758541487215,0.018858736913103233
0.49584050487664943,0.05569202536065601
0.4954141587847521,0.22330075557254303
0.49498854524627717,0.08858295755837857
0.4945636623748212,0.0768949050381391
0.4941395082904517,0.031173021959809182
0.4937160811196801,0.12222335943779902
0.4932933789954338,0.10756533553464113
0.49287140005702873,0.13641906646796317
0.49245014245014246,0.08621392406201203
0.4920296043267863,0.08306420395331664
0.4916097838452787,0.06976156790206027
0.4911906791702188,0.1380693507772389
0.49077228847245874,0.10987526228202993
0.490354609929078,0.09387436899746557
0.489937641723356,0.1203772380732654
0.4895213820447465,0.17105689669479132
0.48910582908885114,0.11045225387464351
0.4886909810573932,0.05710541436519394
0.48827683615819206,0.07823665662618384
0.4878633926051369,0.134506538954978
0.48745064861816123,0.07828720671830774
0.4870386024232178,0.06765536673593849
0.4866272522522523,0.0375279128408894
0.4862165963431786,0.07228706342587213
0.4858066329398539,0.03569145129335686
0.4853973602920527,0.17822287081259
0.4849887766554433,0.0865824635210149
0.48458088029156154,0.17653077355262192
0.48417366946778706,0.09685964193806672
0.4837671424573188,0.08916215326822897
0.4833612975391498,0.07881186216025708
0.48295613299804413,0.08240938490668576
0.4825516471245115,0.06839838093536943
0.4821478382147838,0.097463939058136
0.4817447045707915,0.013287688479736652
0.4813422445001393,0.18408448418123147
0.48094045631608234,0.20170804578001617
0.4805393383375035,0.15997636306558372
0.48013888888888884,0.08710677342929106
0.4797391063003053,0.047360834867893664
0.4793399889073766,0.06945475916614761
0.4789415350512607,0.06114316422885359
0.4785437430786268,0.05795084270663329
0.478146611341632,0.02502594366494236
0.47775013819789935,0.10889960166227478
0.4773543220104944,0.03964046915244347
0.4769591611479028,0.11256559807437849
0.4765646539840088,0.07056993534842723
0.47617079889807157,0.08013792971456982
0.47577759427470406,0.11612612814644593
0.4753850385038504,0.12320707155236894
0.4749931299807639,0.06060499593524593
0.47460186710598573,0.030129921535259143
0.4742112482853224,0.12579459318824715
0.47382127192982454,0.15780682542745403
0.47343193645576553,0.0570532905811308
0.4730432402846195,0.018200287092529445
0.47265518184304073,0.05747073506797409
0.47226775956284156,0.09149114061831268
0.47188097188097183,0.11245092461608053
0.4714948172394981,0.1030397496937195
0.47110929408558183,0.07514960833096736
0.47072440087145967,0.1520733545450793
0.47034013605442176,0.10661983081829193
0.4699564980967917,0.06589502143247994
0.469573485465906,0.11947059791756932
0.4691910966340934,0.09460813185452148
0.4688093300786547,0.09807622477391642
0.4684281842818428,0.10272063461731253
0.46804765773084206,0.08716236515761969
0.4676677489177489,0.11002648542961761
0.46728845633955124,0.15350946831119053
0.4669097784981091,0.135255614598756
0.4665317139001349,0.09859067390773425
0.4661542610571736,0.11531444059380454
0.4657774184855834,0.19089058882327328
0.4654011847065159,0.07672554152296282
0.4650255582458972,0.12843161420537913
0.4646505376344086,0.14655001125885275
0.46427612140746705,0.1944824391550776
0.4639023081052066,0.09798461248948906
0.46352909627245914,0.04412288573442647
0.4631564844587352,0.10484496023049729
0.46278447121820615,0.07326918837480455
0.46241305510968433,0.09852826925398711
0.46204223469660516,0.05339245234170771
0.46167200854700857,0.04566645152272143
0.4613023752335201,0.08558059543104944
0.4609333333333333,0.12878464141077392
0.4605648814281908,0.02013222424438609
0.4601970181043663,0.10738585473374457
0.459829741952647,0.06304653178528011
0.4594630515683147,0.138884694182253
0.4590969455511288,0.07436528194670662
0.45873142250530785,0.1812268108375333
0.458366481039512,0.062349504619749495
0.45800211976682564,0.061421340700997404
0.45763833730473924,0.04932471587583154
0.4572751322751322,0.026647774433565193
0.45691250330425587,0.01649066369906132
0.4565504490227152,0.1288837890892154
0.4561889680654526,0.13192658324913004
0.45582805907172996,0.13996959470183143
0.45546772068511193,0.07187683209083509
0.4551079515534492,0.07019509746037687
0.45474875032886075,0.10437380994231525
0.4543901156677182,0.2046868082458512
0.4540320462306278,0.11475943952697817
0.45367454068241464,0.1779094058525379
0.45331759769210594,0.13105686719709939
0.452961215932914,0.13789511925503206
0.45260539408222045,0.03379277167950336
0.4522501308215594,0.154697154311573
0.4518954248366013,0.2118921776804143
0.45154127481713685,0.051613644267624895
0.45118767945706084,0.09919482043125892
0.45083463745435576,0.10512420578723562
0.45048214751107635,0.10502677841213207
0.4501302083333333,0.13311415906192278
0.4497788186312776,0.13277807904128444
0.4494279771190848,0.1703910668063562
0.4490776825149389,0.09448763756241692
0.44872793354101764,0.13257468071968126
0.44837872892347597,0.12820234081591259
0.4480300673924313,0.09866743637019779
0.4476819476819477,0.14441746016449444
0.4473343685300207,0.21027283895826945
0.44698732867856217,0.049034895580467315
0.446640826873385,0.012287223170983057
0.44629486186418793,0.06709696973585166
0.44594943240454077,0.03805012958676374
0.445604537251869,0.1404471828068419
0.44526017516743943,0.08240645974573033
0.4449163449163449,0.07680574389492861
0.4445730452674897,0.11539312491658
0.4442302749935749,0.1318435876718359
0.44388803287108364,0.11176498655141728
0.44354631768026687,0.050266687755034456
0.4432051282051282,0.13432458309094542
0.44286446323341017,0.06346524994239666
0.4425243215565796,0.09723831689731781
0.4421847019698132,0.17326344246092476
0.44184560327198363,0.07982258718582078
0.441507024265645,0.11435009957073601
0.44116896375701886,0.08593867677700216
0.4408314205559806,0.0836047505475467
0.44049439347604485,0.07070053241518914
0.4401578813343519,0.06995010960101894
0.4398218829516539,0.07108665194436628
0.439486397152301,0.17203794016416624
0.43915142276422764,0.12954675831423773
0.4388169586189388,0.06318531751784812
0.43848300355149666,0.03121338178116121
0.43814955640050696,0.16437591724980127
0.43781661600810534,0.12371327117111657
0.4374841812199443,0.17007524345674405
0.43715225088517956,0.12025888563464028
0.4368208238564569,0.04418560556031307
0.436489898989899,0.0811733166240108
0.43615947514509207,0.06291032063977671
0.4358295511850731,0.08477339388954862
0.43550012597631643,0.060205385386302226
0.435171198388721,0.11166967653184724
0.43484276729559745,0.13529570767231594
0.4345148315736551,0.12279193694100381
0.4341873901029892,0.12858897505097344
0.4338604417670683,0.057561956851530524
0.4335339854527213,0.10922602899716424
0.4332080200501253,0.10700371464161122
0.4328825444527924,0.07246073167986329
0.43255755755755754,0.03908526521933164
0.43223305826456615,0.0505375608081697
0.43190904547726133,0.10334118318142543
0.431585518102372,0.05506951030604261
0.43126247504990023,0.11305647370236988
0.43093991523310893,0.011984723775598314
0.4306178375685102,0.07549270347103294
0.4302962409758527,0.07252680662664956
0.4299751243781094,0.0345174044351291
0.42965448670146655,0.03290907410395297
0.4293343268753104,0.015330673030201733
0.42901464383221644,0.05227368531361501
0.4286954365079365,0.06585997408121569
0.4283767038413878,0.05894376802800071
0.4280584447746409,0.049819537705662005
0.42774065825290764,0.037788446487883987
0.42742334322453013,0.14296215309176089
0.4271064986409686,0.06427883718716432
0.42679012345679007,0.06033212479283334
0.426474216629657,0.03199740538435027
0.4261587771203155,0.09659053974510445
0.42584380389258436,0.18960421666942617
0.4255292959133432,0.100311666094775
0.4252152521525215,0.004340355187354299
0.4249016715830875,0.15737753557894305
0.4245885531810366,0.15177277918393195
0.42427589592538045,0.04197926004094968
0.4239636987981359,0.019201159781643478
0.42365196078431366,0.04941863167651784
0.4233406808719079,0.07517078326951095
0.4230298580518845,0.11630983325354172
0.42271949131817066,0.045631841021708704
0.4224095796676442,0.18932212479427696
0.42210012210012204,0.10298105888196539
0.42179111761835036,0.08616405148077147
0.42148256522799316,0.09290514395060527
0.4211744639376218,0.046741773336442076
0.42086681275870463,0.20756490951845016
0.4205596107055961,0.11990236581583683
0.4202528567955264,0.10657283013351061
0.4199465500485909,0.13923085235091662
0.4196406894877397,0.14495594087984517
0.4193352741387676,0.039541719403988006
0.41903030303030303,0.14352060868239763
0.4187257751937984,0.04725041534983513
0.4184216896635197,0.06400098284430014
0.41811804547653597,0.09958495929737825
0.41781484167270966,0.10402406978174722
0.417512077294686,0.11516478558545892
0.41720975138788313,0.06778442498631668
0.4169078630004824,0.07182162608034388
0.4166064111834176,0.10694104515559306
0.41630539499036606,0.12821220174615616
0.41600481347773766,0.021653302944139217
0.4157046657046657,0.07849889711683772
0.4154049507329969,0.07526464216288518
0.41510566762728146,0.10486382386018138
0.4148068154547636,0.17069481784357413
0.4145083932853717,0.05654738697696602
0.41421040019170857,0.034879891320814115
0.41391283524904215,0.0822074143122049
0.41361569753529553,0.09425086103025912
0.41331898613103774,0.0884243754178526
0.4130227001194743,0.07889900111982925
0.4127268385864374,0.09723371451199993
0.412431400620377,0.04612828862043086
0.412136385312351,0.04021803218372108
0.41184179175601615,0.049216504877870354
0.41154761904761905,0.10284944474388907
0.4112538662859862,0.024856737018813392
0.4109605325725154,0.0025139976437412014
0.41066761701116655,0.09192963659936476
0.410375118708452,0.08615454020283542
0.4100830367734282,0.004781290978693086
0.40979137031768614,0.06464443888244052
0.4095001184553423,0.14009092730924047
0.4092092803030303,0.03726639255904911
0.4089188549798911,0.05917209618924905
0.408628841607565,0.039528162653932775
0.4083392393101819,0.11572910893951913
0.4080500472143531,0.05940682930608111
0.40776126444916255,0.22771532006481787
0.4074728901461574,0.11007499683964109
0.4071849234393404,0.03914833978121585
0.4068973634651601,0.10422751546988183
0.4066102093625029,0.08967268741987068
0.4063234602726845,0.08122878623294189
0.4060371153394409,0.037121679957265855
0.40575117370892017,0.0396863959941346
0.40546563452967394,0.09172661372157485
0.4051804969526488,0.06196205787096478
0.40489576013117823,0.054891528326938575
0.4046114232209738,0.046120445281267075
0.4043274853801169,0.05598825776081933
0.40404394576905095,0.08072761950235624
0.40376080355057226,0.060104408172288876
0.40347805788982255,0.06363769226701219
0.4031957079542804,0.06913162428967953
0.40291375291375287,0.16593266224085013
0.40263219194036803,0.14492874744584247
0.4023510242085661,0.09963661542448912
0.40207024889509185,0.14142390282748127
0.4017898651789865,0.0449803073804515
0.4015098722415795,0.12528975961718253
0.401230269266481,0.0363834267147504
0.4009510554395732,0.023290873779739596
0.4006722299490032,0.12967048204846876
0.4003937919851749,0.10441137063639003
0.4001157407407407,0.14860909880113604
0.39983807541059446,0.054959120713645296
0.39956079519186316,0.09629459912486918
0.39928389928389924,0.07926100411134566
0.3990073868882733,0.10260150552401003
0.3987312572087658,0.19506333787646504
0.39845550945136005,0.13420208210913656
0.39818014282423403,0.08445177244590149
0.39790515653775316,0.04378355838819266
0.39763054980446283,0.2050535072862797
0.3973563218390805,0.057769172604495427
0.3970824718584884,0.12378774646949564
0.39680899908172634,0.026060351011218
0.3965359027299839,0.0921802062944538
0.3962631820265933,0.08025379121712721
0.3959908361970218,0.04567429219208548
0.39571886446886445,0.06015749208456388
0.3954472660718371,0.0775048769825055
0.3951760402377686,0.08988931212827857
0.394905186200594,0.18113932981726988
0.394634703196347,0.0718926790678068
0.39436459046315303,0.04964948949528648
0.39409484724122207,0.04735545068093067
0.3938254727728412,0.05457977285061455
0.3935564663023679,0.07752886327650077
0.393287827076223,0.06985066183360451
0.3930195543428831,0.10412988288641263
0.3927516473528743,0.11672688545547039
0.39248410535876477,0.06141852152858555
0.3922169276151577,0.06085657771292444
0.3919501133786848,0.08369423114230126
0.391683661907999,0.19216928956530713
0.39141757246376807,0.010427459118645312
0.3911518443086671,0.12715016682022895
0.3908864767073722,0.043550721617469645
0.39062146892655364,0.07803091520298133
0.39035682023486895,0.12154355762224196
0.3900925299029564,0.029791529748262307
0.38982859720342805,0.08395394704189325
0.38956502141086313,0.10301691254037154
0.3893018018018018,0.07514496051624235
0.3890389376547378,0.06222834957894189
0.38877642825011244,0.11960457383661917
0.38851427287030793,0.0645615613315023
0.3882524707996406,0.07455141730829028
0.38799102132435465,0.006264971392986338
0.38772992373261556,0.12881673593082074
0.3874691773145034,0.014751496540174614
0.38720878136200715,0.10606839490402671
0.3869487351690172,0.1785946592664341
0.3866890380313199,0.08326916557448631
0.38642968924659066,0.10602225415705793
0.3861706881143878,0.08690330364604035
0.3859120339361464,0.067374652242111
0.38565372601517184,0.07951673276111171
0.3853957636566332,0.08991690430303496
0.3851381461675579,0.11585799974139177
0.3848808728568247,0.08815859650847095
0.38462394303515796,0.18104599882785935
0.38436735601512123,0.06176922099415164
0.38411111111111107,0.09692712080263306
0.38385520763935155,0.1450524113508407
0.38359964491788723,0.120765239007396
0.38334442226657794,0.07260043213959477
0.3830895390070922,0.06269455032394373
0.3828349944629014,0.037283079070724943
0.382580787959274,0.04444053520448265
0.38232691882326914,0.07263127230010968
0.3820733863837312,0.041385059619588556
0.3818201899712834,0.10625551502143399
0.38156732891832223,0.0766617541224119
0.3813148025590117,0.08688542257271131
0.3810626102292769,0.025195813110846475
0.3808107512667988,0.10854856281101134
0.38055922501100836,0.09144570282167508
0.3803080308030803,0.03696918103780381
0.38005716798592787,0.044172228374523545
0.3798066359041969,0.018039653876298474
0.37955643390425997,0.14026257713375873
0.3793065613342111,0.07252596042265567
0.3790570175438596,0.1071011624517079
0.37880780188472496,0.07737900567736618
0.37855891371003064,0.0850471399746148
0.378310352374699,0.026982067633207773
0.37806211723534555,0.1031827706580774
0.37781420765027324,0.040263302742512504
0.37756662297946697,0.033980944129210225
0.37731936258458854,0.08616027154219341
0.37707242582897027,0.11564124051085062
0.3768258120776106,0.11233503268883141
0.37657952069716777,0.028659791408683615
0.3763335510559547,0.12151358939672922
0.37608790252393387,0.07502283111558161
0.3758425744727114,0.17047303133178615
0.37559756627553237,0.13484132010388084
0.37535287730727473,0.1124075274937289
0.3751085069444444,0.22824391759890197
0.37486445456517026,0.0713856680883367
0.37462071954919807,0.13466096466756142
0.37437730127788604,0.0655235282599324
0.37413419913419915,0.08359187933485424
0.37389141250270386,0.012911786333396397
0.37364894076956334,0.0801238804598218
0.37340678332253185,0.13637003377846754
0.37316493955094987,0.174648244300275
0.37292340884573894,0.10364214838876375
0.3726821905993963,0.056290689553463884
0.3724412842059901,0.08432902979472905
0.37220068906115417,0.037651672036907696
0.371960404562083,0.061591367489565035
0.37172043010752687,0.03791163177127511
0.3714807650977863,0.07299085325810868
0.37124140893470786,0.14780802848827834
0.3710023610216785,0.08322274952263865
0.37076362076362074,0.0879082012656249
0.3705251875669882,0.04269689789983235
0.3702870608397601,0.102559496151362
0.3700492399914365,0.15706053918252863
0.3698117244330338,0.0834559221182019
0.36957451357707927,0.08572092099184328
0.3693376068376068,0.056318660804963304
0.36910100363015164,0.06178698002125473
0.3688647033717456,0.15005840275983193
0.36862870548091276,0.016584637398097398
0.36839300937766406,0.02590303357718828
0.36815761448349305,0.046161846668667905
0.3679225202213708,0.012206525193262777
0.3676877260157413,0.10867586898720406
0.367453231292517,0.043419615601248226
0.3672190354790737,0.04580286844511512
0.36698513800424626,0.13141219191146472
0.3667515382983238,0.050598312951071686
0.36651823579304493,0.17628704598772318
0.36628522992159357,0.09133676651940721
0.36605252011859385,0.05490645553614692
0.3658201058201058,0.0552258880678841
0.365587986463621,0.07812107502215943
0.36535616148805744,0.039742095787120804
0.3651246303337558,0.029610018049491746
0.36489339244247415,0.11885216761921732
0.36466244725738395,0.05344633687838668
0.36443179422306554,0.022381954835168826
0.36420143278550354,0.07875836370024146
0.3639713623920825,0.03400658923375814
0.3637415824915825,0.04437014787302857
0.36351209253417455,0.13072034462904483
0.36328289197141655,0.04470947638243121
0.3630539802562487,0.07184764229255819
0.36282535684298906,0.1602759778970104
0.36259702118732956,0.14596153689129007
0.3623689727463312,0.14084887835651178
0.3621412109784203,0.09099609517416697
0.3619137353433836,0.06292251903082216
0.3616865453023645,0.11930183990590991
0.36145964031785865,0.06585252689254449
0.3612330198537095,0.0936730874226863
0.3610066833751044,0.11847680170569748
0.3607806303485702,0.020880663389644158
0.3605548602419691,0.040319678899797845
0.3603293725244945,0.07779666374374394
0.3601041666666666,0.1545422076252343
0.35987924214032896,0.11320926264420415
0.3596545984186434,0.14388203783855194
0.35943023497608645,0.18427652752250973
0.3592061512884455,0.09036069725422202
0.35898234683281416,0.040870034956848066
0.35875882108758816,0.05291357047003007
0.3585355735324621,0.10266765549877852
0.3583126036484245,0.05052442475691402
0.3580899109177543,0.05079103571201487
0.3578674948240166,0.126589208297097
0.35764535485205873,0.09271403890149825
0.3574234904880066,0.1111659666014998
0.35720190121926015,0.2089508085685064
0.3569805865344899,0.08214298265956789
0.3567595459236326,0.039976108699341414
0.35653877887788776,0.12561646258330242
0.35631828488971345,0.1844748754090189
0.35609806345282236,0.16157137766921323
0.3558781140621783,0.06810384988231813
0.3556584362139918,0.041972439823699484
0.3554390294057166,0.10275600383634179
0.355219893136046,0.033661324538901735
0.3550010269049086,0.057814811508325625
0.3547824302134647,0.007449862340457018
0.35456410256410253,0.05734356996511055
0.3543460434604346,0.016330877882668512
0.35412825240729356,0.09587281131902206
0.3539107289107289,0.06175092317683783
0.3536934724780028,0.013866439901900911
0.3534764826175869,0.04705412189543471
0.35325975883915794,0.14571950870600978
0.35304330065359474,0.11215239700826343
0.3528271075729741,0.09972989870195763
0.3526111791105671,0.06204287631723547
0.35239551478083586,0.10243275745614458
0.3521801140994295,0.1016690156943002
0.3519649765831806,0.05026025849849675
0.35175010175010174,0.12116342361509166
0.3515354891193817,0.031210646125822424
0.3513211382113821,0.06935290896218489
0.3511070485476336,0.05518741965266483
0.3508932196508323,0.000952887345277068
0.35067965104483667,0.09110500250557413
0.3504663422546634,0.2456472591138894
0.35025329280648426,0.07991410109122592
0.3500405022276225,0.09214045777758688
0.34982797004654925,0.07597346490058028
0.34961569579288027,0.0731284856169197
0.3494036789973721,0.13139051313346178
0.34919191919191916,0.12210802521328847
0.34898041590954976,0.09729697106549798
0.34876916868442287,0.01564706585012372
0.34855817705182496,0.11621491385622254
0.3483474405481661,0.08041249040653083
0.34813695871097683,0.1440701016541646
0.347926731078905,0.06476526580116335
0.3477167571917119,0.031005022525101053
0.3475070365902694,0.04930419017653364
0.34729756881655616,0.20289143352307468
0.34708835341365457,0.07537767087960238
0.3468793899257475,0.0841478989654585
0.3466706778981147,0.03476279643825975
0.3464622168771297,0.04912090213332086
0.3462540064102564,0.11049917364321665
0.346046046046046,0.10438245168632324
0.34583833533413366,0.08251712157013928
0.34563087382523494,0.11388462109690996
0.3454236610711431,0.15470111688491608
0.34521669662472537,0.08378457163435711
0.3450099800399201,0.07076406658813332
0.3448035108717335,0.11768509726988688
0.34459728867623607,0.010183952947181454
0.34439131301055986,0.11501801760500496
0.34418558343289524,0.03850146243705212
0.34398009950248754,0.06461715615074598
0.34377486077963404,0.17038321157934846
0.3435698668256808,0.07328850301664813
0.34336511720301943,0.10255328026974676
0.34316061147508437,0.13945838348861225
0.34295634920634915,0.15073569489459632
0.342752329962324,0.06345141386278794
0.34254855330955214,0.07931140435169956
0.342345018815607,0.1886281219030942
0.34214172604908943,0.019859836629468358
0.3419386745796241,0.09117925661337797
0.3417358639778568,0.05668530584111924
0.3415332938154515,0.11548538456704856
0.34133096366508686,0.03958502325826216
0.3411288731004539,0.032712094712366274
0.3409270216962525,0.0516874657689055
0.34072540902818843,0.030239957135879826
0.3405240346729708,0.03695404024935232
0.3403228982083087,0.10476821793299772
0.3401219992129083,0.046639265754295514
0.33992133726647,0.053164404650172095
0.3397209119496855,0.051242638252139705
0.3395207228442349,0.08327172511370982
0.3393207695327837,0.16556172472055447
0.33912105159897976,0.055282201967032214
0.338921568627451,0.05528399480222885
0.33872232020380166,0.20536885733859103
0.3385233059146103,0.052409907533012584
0.33832452534742613,0.012756692244715675
0.3381259780907668,0.12097235649166384
0.33792766373411537,0.08635417955469922
0.33772958186791713,0.09725130040698686
0.3375317320835774,0.03600412434807385
0.33733411397345825,0.07611908507062887
0.3371367271308757,0.03446690485546871
0.3369395711500975,0.16822315278083438
0.3367426456263393,0.09860217139063363
0.3365459501557632,0.09590948348649872
0.33634948433547385,0.1501175561028097
0.3361532477635161,0.0764628623506461
0.3359572400388727,0.11094317951479772
0.3357614607614608,0.16727277155906767
0.33556590953212967,0.10830295456946179
0.3353705859526581,0.07901005518312615
0.3351754896257514,0.1003023644375341
0.33498062015503877,0.13758285451374574
0.3347859771450707,0.03514660773399798
0.33459156020131625,0.12560695360108143
0.3343973689301606,0.091627234682037
0.3342034029389017,0.06428621005496143
0.33400966183574876,0.043139741560090726
0.33381614522981845,0.08012209797228842
0.33362285273113296,0.12330827985918755
